{
    "altitude_agl": 0,
    "altitude": 117.58373,
    "ground_elev": 117.58373,
    "start_latitude": 63.96453886,
    "start_longitude": -22.60544549,
    "end_latitude": 63.9911325300,
    "end_longitude": -22.6054085500,
    "rs_thresh_latitude": 0.0,                 
    "rs_thresh_longitude": 0.00043559,
    "re_thresh_latitude": 0.0,
    "re_thresh_longitude":0.00043559,
    "sea_lev_rad": 20869095.24,
    "alph": 0.0,
    "beta": "",
    "heading": 0.01730649904,
    "heading_meg": 10.39021239,
    "path_deg": 90.0,
    "roll": 0.0,
    "pitch": 0.0,
    "yaw": "",
    "role_rate": 0.0,
    "pitch_rate": 0.0,
    "yaw_rate": 0.0,
    "true_heading": 0.01730649904,
    "side_slip": 0.0,
    "track_deg": 0.0,
    "trach_meg_deg": 10.37290589,
    "local_meg_dev": "",
    "speed": 0.0,
    "down_rel_grnd": 0.01445677982,
    "east_rel_grnd": -0.00005234975066,
    "equie": 3.983598583,
    "glideslope": 0.9490790326,
    "ground_speed": 0.006137155267,
    "north_rel_grnd": 0.01035821887,
    "vel_down": -0.01445677982,
    "vel_east": -0.00005234975066,
    "vel_north": 0.01035821887,
    "ubody": 0.0,
    "vboady": 0.0,
    "vel_vertical": 0.0,
    "wboady": 0.0,
    "x_acc": 0.0,
    "y_acc": 0.0,
    "z_acc": 0
  }
  